<?xml version='1.0'?>
<home version='6000' exportFlags='17' name='AD.sh3d' camera='topCamera' wallHeight='277.17752'>
  <property name='enhancedExternalBrightness' value='false'/>
  <property name='photoDialogHeight' value='738'/>
  <property name='photoDialogWidth' value='430'/>
  <environment groundColor='FFA8A8A8' skyColor='00CCE4FC' lightColor='00898989'/>
  <observerCamera attribute='observerCamera' lens='PINHOLE' x='751.25977' y='539.58307' z='170.0' yaw='-12.100032' pitch='-0.20420344' fieldOfView='1.5707964' time='1562824800959'/>
  <camera attribute='topCamera' lens='PINHOLE' x='503.04977' y='934.6267' z='1898.8088' yaw='22.003443' pitch='1.3707966' fieldOfView='1.0995575' time='1562846400000'/>
  <doorOrWindow catalogId='Scopia#door' name='Door' creator='Scopia' model='2/door.obj' x='774.72437' y='685.7292' angle='1.5707964' width='91.44' depth='3.1749997' height='199.0725' modelMirrored='true' modelSize='146649' movable='false' cutOutShape='M0,0 v1 h1 v-1 z' wallCutOutOnBothSides='true'/>
  <doorOrWindow catalogId='Scopia#door' name='Door' creator='Scopia' model='2/door.obj' x='185.66452' y='460.02435' angle='3.1415925' width='91.44' depth='31.11575' height='199.0725' modelSize='146649' movable='false' cutOutShape='M0,0 v1 h1 v-1 z' wallCutOutOnBothSides='true'/>
  <doorOrWindow catalogId='Scopia#door' name='Door' creator='Scopia' model='2/door.obj' x='120.775635' y='522.3454' angle='4.712389' width='91.44' depth='31.11575' height='199.0725' modelMirrored='true' modelSize='146649' movable='false' cutOutShape='M0,0 v1 h1 v-1 z' wallCutOutOnBothSides='true'/>
  <doorOrWindow catalogId='Scopia#door' name='Door' creator='Scopia' model='2/door.obj' x='328.92706' y='585.8557' width='91.44' depth='31.11575' height='199.0725' modelSize='146649' movable='false' cutOutShape='M0,0 v1 h1 v-1 z' wallCutOutOnBothSides='true'/>
  <doorOrWindow catalogId='Pencilart#DianaWindow' name='Triple window' creator='Pencilart' model='4/DianaWindow.obj' x='589.63116' y='1102.06' elevation='76.2' width='223.51999' depth='13.33575' height='121.92' modelSize='55227' movable='false' cutOutShape='M0,0 v1 h1 v-1 z' wallCutOutOnBothSides='true'>
    <material name='Default_Texture' color='00000000'/>
    <material name='Glass' color='FFD2D2D2' shininess='0.75'/>
    <material name='woodfloor' color='FFF8F7F5' shininess='0.625'/>
  </doorOrWindow>
  <doorOrWindow catalogId='Scopia#window_2x1_with_sliders' name='Sliding window' creator='Scopia' model='6/window_2x1_with_sliders.obj' x='208.44125' y='1043.64' elevation='76.2' width='142.23999' depth='13.33575' height='121.92' modelSize='18174' movable='false' cutOutShape='M0,0 v1 h1 v-1 z' wallCutOutOnBothSides='true'/>
  <pieceOfFurniture catalogId='Kator Legaz#fridge' name='Fridge' creator='Kator Legaz' model='8/fridge.obj' x='950.3525' y='547.1252' angle='1.5707964' width='60.96' depth='60.96' height='144.78' modelSize='28374'>
    <material name='Appliances'/>
    <material name='Black_plastic' color='00000000'/>
    <material name='Chrome' color='00000000'/>
  </pieceOfFurniture>
  <pieceOfFurniture catalogId='Pencilart#3DrawerCabinet' name='Wood drawer cabinet' creator='Pencilart' model='10/3DrawerCabinet.obj' x='893.8375' y='271.79752' width='45.72' widthInPlan='45.719997' depth='63.5' height='86.042496' modelSize='284335'/>
  <pieceOfFurniture catalogId='Pencilart#kitchenSinkWithMarble' name='Wood cabinet with sink' creator='Pencilart' model='12/kitchenSinkWithMarble.obj' x='948.765' y='398.16257' angle='1.5707964' width='90.805' depth='64.135' height='111.4425' modelSize='2631342'/>
  <pieceOfFurniture catalogId='Pencilart#dishwasher' name='Dishwasher' creator='Pencilart' model='14/dishwasher.obj' x='949.8762' y='480.56827' angle='1.5707964' width='60.0075' depth='61.9125' height='82.8675' modelSize='9467'/>
  <pieceOfFurniture catalogId='Pencilart#1DoorLowerCabinet' name='Wood lower cabinet' creator='Pencilart' model='16/1DoorLowerCabinet.obj' x='948.765' y='326.88382' angle='1.5707964' width='51.7525' depth='64.135' height='86.042496' modelSize='183364'/>
  <pieceOfFurniture catalogId='Pencilart#1DoorLowerCabinet' name='Wood lower cabinet' creator='Pencilart' model='16/1DoorLowerCabinet.obj' x='948.765' y='270.52756' angle='4.712389' width='60.96' depth='64.135' height='86.042496' modelSize='183364'/>
  <pieceOfFurniture catalogId='Pencilart#1DoorLowerCabinet' name='Wood lower cabinet' creator='Pencilart' model='16/1DoorLowerCabinet.obj' x='949.08246' y='479.81516' angle='4.712389' width='73.659996' depth='58.42' height='86.042496' modelSize='183364'>
    <material name='Marble2'/>
    <material name='Woodenhandle' color='00000000'/>
    <material name='brass' color='00000000'/>
    <material name='wood' color='00000000'/>
  </pieceOfFurniture>
  <pieceOfFurniture catalogId='Pencilart#2DoorLowerCabinet' name='Wood lower cabinet' creator='Pencilart' model='18/2DoorLowerCabinet.obj' x='731.3979' y='404.2792' angle='4.712389' width='95.885' depth='64.135' height='86.042496' modelSize='361593'/>
  <pieceOfFurniture catalogId='Pencilart#1DoorLowerCabinet' name='Wood lower cabinet' creator='Pencilart' model='16/1DoorLowerCabinet.obj' x='731.5898' y='330.46045' angle='4.712389' width='51.7525' depth='64.135' height='86.042496' modelSize='183364'/>
  <pieceOfFurniture catalogId='Pencilart#1DoorLowerCabinet' name='Wood lower cabinet' creator='Pencilart' model='16/1DoorLowerCabinet.obj' x='731.39874' y='272.5167' angle='4.712389' width='64.135' depth='64.135' height='86.042496' modelSize='183364'>
    <material name='Marble2'/>
    <material name='Woodenhandle' color='00000000'/>
    <material name='brass' color='00000000'/>
  </pieceOfFurniture>
  <pieceOfFurniture catalogId='Pencilart#3DrawerCabinet' name='Wood drawer cabinet' creator='Pencilart' model='10/3DrawerCabinet.obj' x='731.5711' y='484.2892' angle='4.712389' width='64.135' depth='64.135' height='86.042496' modelSize='284335'/>
  <pieceOfFurniture name='Counter/wall' creator='Zachary Wilson' model='20/kitchenIsland.obj' x='686.55365' y='377.20752' angle='4.712389' width='274.32' depth='22.86' height='114.3' modelSize='19543'/>
  <doorOrWindow name='Folding Closet Doors' creator='Zachary Wilson' model='22/accordionFoldDoors.obj' x='417.5' y='346.61407' angle='4.712389' width='152.4' depth='13.33575' height='203.2' modelMirrored='true' modelSize='49787' movable='false' wallCutOutOnBothSides='true'/>
  <doorOrWindow catalogId='eTeks#sliderWindow126x200' name='Slider window' creator='eTeks' model='24' x='573.8827' y='233.8254' elevation='7.62' angle='1.7484555E-7' width='132.08' depth='14.226528' height='209.8675' modelSize='7950' movable='false' cutOutShape='M0,0 v1 h1 v-1 z' wallCutOutOnBothSides='true'/>
  <doorOrWindow catalogId='Scopia#door' name='Door' creator='Scopia' model='2/door.obj' x='896.64435' y='144.30902' angle='1.5707964' width='95.885' depth='31.11575' height='209.8675' modelSize='146649' movable='false' cutOutShape='M0,0 v1 h1 v-1 z' wallCutOutOnBothSides='true'/>
  <pieceOfFurniture catalogId='eTeks#bed' name='Bed' creator='eTeks' model='26' x='305.1925' y='886.16003' angle='1.5707964' width='144.78' depth='182.88' depthInPlan='182.88002' height='52.704998' modelSize='24868'>
    <material name='flgrey'>
      <texture name='Beige fabric' creator='Scopia' catalogId='eTeksScopia#beige_fabric2' width='40.0' height='40.0' image='27'/>
    </material>
    <material name='flwhite'>
      <texture name='Pansy purple velvet' creator='Scopia' catalogId='eTeksScopia#pansy-purple-velvet' width='100.0' height='100.0' image='28'/>
    </material>
    <material name='ltgrey' shininess='0.0'>
      <texture name='Beige fabric' creator='Scopia' catalogId='eTeksScopia#beige_fabric2' width='40.0' height='40.0' image='27'/>
    </material>
    <material name='sand_stone'>
      <texture name='Dark brown' creator='Emmanuel Puybaret' catalogId='Puybaret#darkBrown' width='40.0' height='80.0' image='29'/>
    </material>
  </pieceOfFurniture>
  <doorOrWindow name='Folding Closet Doors' creator='Zachary Wilson' model='22/accordionFoldDoors.obj' x='143.77078' y='652.4801' angle='1.7484555E-7' width='182.88' depth='13.33575' height='203.2' modelSize='49787' movable='false' wallCutOutOnBothSides='true'/>
  <pieceOfFurniture catalogId='Scopia#cardboard-box' name='Cardboard box' creator='Scopia' model='31/cardboard-box.obj' x='368.6925' y='786.78253' angle='1.5707964' width='55.879997' widthInPlan='55.879993' depth='55.879997' depthInPlan='55.879993' height='29.845' modelSize='90876'/>
  <pieceOfFurniture catalogId='OlaKristianHoff#staircase_handrail_hor' name='Handrail' creator='Ola-Kristian Hoff' model='33/staircase_handrail_hor.obj' x='651.90247' y='60.501205' width='480.06' depth='15.24' height='121.92' modelSize='31473' movable='false'>
    <material name='Baluster' color='FFDCB282'/>
    <material name='Handrail' color='FF1E5945'/>
  </pieceOfFurniture>
  <pieceOfFurniture catalogId='OlaKristianHoff#staircase_handrail_hor' name='Handrail' creator='Ola-Kristian Hoff' model='33/staircase_handrail_hor.obj' x='415.72318' y='139.0825' angle='1.5707964' width='175.26' depth='15.24' height='121.92' modelSize='31473' movable='false'>
    <material name='Baluster' color='FFDCB282'/>
    <material name='Handrail' color='FF1E5945'/>
  </pieceOfFurniture>
  <pieceOfFurniture catalogId='LucaPresidente#scrivania160W' name='Desk' creator='LucaPresidente' model='35/scrivania160W.obj' x='551.41956' y='372.50043' width='91.44' widthInPlan='91.44002' depth='91.44' depthInPlan='91.44001' height='72.0725' modelSize='21321'>
    <material name='Box34_4' shininess='0.375'>
      <texture name='Old wood' creator='Emmanuel Puybaret' catalogId='Puybaret#oldWood' width='40.0' height='80.0' image='36'/>
    </material>
    <material name='Loft02_1' color='FF1F1F1F'/>
  </pieceOfFurniture>
  <pieceOfFurniture catalogId='eTeks#tvUnit' name='TV unit' creator='eTeks' model='38' x='739.5325' y='888.5727' angle='1.5707964' width='121.92' widthInPlan='121.920006' depth='60.96' height='121.92' modelSize='9569'>
    <material name='dkgrey' color='FF989898' shininess='0.1328125'/>
  </pieceOfFurniture>
  <pieceOfFurniture catalogId='Blend Swap CC-BY#cornerSofa' name='Corner sofa' creator='Nikitron' model='40/cornerSofa.obj' x='487.4375' y='922.5134' angle='4.712389' width='345.7575' depth='154.94' height='85.4075' modelMirrored='true' modelSize='1431132'>
    <material name='1'>
      <texture name='Fabric_04' creator='Nikitron' width='-1.0' height='-1.0' image='41'/>
    </material>
    <material name='podush_1' color='00000000'/>
  </pieceOfFurniture>
  <pieceOfFurniture catalogId='Puybaret#carpet' name='Carpet' creator='Emmanuel Puybaret' model='43/carpet.obj' x='550.5189' y='454.6841' angle='1.5707964' width='160.02' depth='225.1075' height='0.9525' modelSize='46714'>
    <material name='carpet_carpet.jpg'>
      <texture name='VIERVR-08XDLB' width='128.10431' height='182.88' image='44'/>
    </material>
  </pieceOfFurniture>
  <pieceOfFurniture catalogId='Blend Swap CC-0#oakTable' name='Oak table' creator='Doug C' model='46/oakTable.obj' x='566.5702' y='942.5655' angle='1.5707964' width='167.64' depth='91.44' height='45.72' modelSize='260667'/>
  <pieceOfFurniture catalogId='Kator Legaz#office-chair' name='Chair' creator='Kator Legaz' model='48/office-chair.obj' x='550.4587' y='441.52884' elevation='0.9525' angle='3.1415927' width='64.4525' depth='64.4525' height='114.299995' heightInPlan='114.29999' modelSize='668225'>
    <material name='Office_CH_fabric' color='FF1E1E1E' shininess='0.0625'/>
    <material name='Office_CH_metal' color='FF1E1E1E' shininess='0.3828125'/>
    <material name='Office_CH_plastic' color='FF1E1E1E' shininess='0.375'/>
  </pieceOfFurniture>
  <pieceOfFurniture catalogId='eTeks#flatTV' name='Flat TV' creator='eTeks' model='50' x='560.78314' y='352.68143' elevation='76.2' width='45.72' widthInPlan='45.72001' depth='15.24' depthInPlan='15.239999' height='33.02' modelSize='13041'/>
  <pieceOfFurniture catalogId='eTeks#laptop' name='Laptop' creator='eTeks' model='52' x='531.7588' y='375.33286' elevation='72.0725' width='32.385' depth='35.559998' height='19.05' modelSize='45826'>
    <material name='silver' color='FF020202' shininess='0.265625'/>
  </pieceOfFurniture>
  <pieceOfFurniture catalogId='Puybaret#carpet' name='Carpet' creator='Emmanuel Puybaret' model='43/carpet.obj' x='596.4987' y='981.0415' angle='4.712389' width='160.02' depth='225.1075' height='0.9525' modelSize='46714'>
    <material name='carpet_carpet.jpg'>
      <texture name='Gray carpet' creator='Scopia' catalogId='eTeksScopia#gray-carpet' width='265.1' height='150.0' image='53'/>
    </material>
  </pieceOfFurniture>
  <pieceOfFurniture catalogId='Puybaret#carpet' name='Carpet' creator='Emmanuel Puybaret' model='43/carpet.obj' x='596.9003' y='821.0215' angle='4.712389' width='160.02' depth='225.1075' height='0.9525' modelSize='46714'>
    <material name='carpet_carpet.jpg'>
      <texture name='Gray carpet' creator='Scopia' catalogId='eTeksScopia#gray-carpet' width='265.1' height='150.0' image='53'/>
    </material>
  </pieceOfFurniture>
  <pieceOfFurniture catalogId='Blend Swap CC-0#modernVanity' name='Vanity' creator='Dobbs' model='55/modernVanity.obj' x='299.23123' y='408.2219' angle='1.5707964' width='90.487495' depth='70.8025' height='93.345' modelMirrored='true' modelSize='352481'>
    <material name='Closet'>
      <texture name='Poplar' creator='Emmanuel Puybaret' width='40.0' height='80.0' image='56'/>
    </material>
  </pieceOfFurniture>
  <pieceOfFurniture catalogId='Blend Swap CC-0#toiletsUnit' name='Toilets unit' creator='Nhumrod' model='58/toiletsUnit.obj' x='291.71158' y='297.61057' angle='1.5707964' width='35.2425' depth='69.215' height='77.1525' modelSize='547702' movable='false'/>
  <pieceOfFurniture catalogId='OlaKristianHoff#bath_L' name='Bath L shape' creator='Ola-Kristian Hoff' model='60/bath_L.obj' x='75.95751' y='318.77264' angle='4.712389' width='152.4' depth='83.82' height='186.055' modelSize='12552'/>
  <pieceOfFurniture catalogId='Blend Swap CC-0#shower' name='Shower head and faucet' creator='Wfg5001' model='62/shower.obj' x='68.87905' y='369.54376' elevation='114.935' angle='3.1415927' width='20.955' depth='53.657497' height='114.299995' modelSize='96924' movable='false'/>
  <light catalogId='Scopia#ceiling-lamp' name='Ceiling lamp' creator='Scopia' model='64/ceiling-lamp.obj' x='549.44055' y='378.80237' elevation='243.84' width='29.845' depth='29.845' height='5.3975' modelSize='96982'/>
  <light catalogId='Scopia#ceiling-lamp' name='Ceiling lamp' creator='Scopia' model='64/ceiling-lamp.obj' x='203.66849' y='766.5709' elevation='243.84' width='29.845' depth='29.845' height='5.3975' modelSize='96982'/>
  <light catalogId='Scopia#table_lamp' name='Lamp' creator='Scopia' model='66/table_lamp.obj' x='375.0542' y='786.7689' elevation='29.845' width='20.0025' depth='20.0025' height='50.165' modelSize='952045'/>
  <light catalogId='Kator Legaz#fluorescent-strip' name='Fluorescent strip' creator='Kator Legaz' model='68/fluorescent-strip.obj' x='406.38712' y='341.86978' elevation='213.36' angle='1.5707964' width='91.44' depth='8.889999' height='8.255' modelSize='30102' movable='false'/>
  <pieceOfFurniture catalogId='Blend Swap CC-BY#washing_machine' name='Washing machine' creator='Cattail' model='70/washing_machine.obj' x='380.3521' y='386.32672' angle='4.712389' width='60.96' widthInPlan='60.959995' depth='60.96' height='91.44' heightInPlan='91.44001' modelSize='202681'/>
  <pieceOfFurniture catalogId='Pencilart#2DoorUpperCabinet' name='Wood upper cabinet' creator='Pencilart' model='72/2DoorUpperCabinet.obj' x='965.59247' y='547.12524' elevation='167.64' angle='1.5707964' width='60.96' depth='30.48' height='60.96' modelSize='186590'/>
  <pieceOfFurniture catalogId='Pencilart#2DoorUpperCabinet' name='Wood upper cabinet' creator='Pencilart' model='72/2DoorUpperCabinet.obj' x='830.29425' y='255.2875' elevation='182.88' width='91.44' depth='30.48' height='45.72' modelSize='186590'/>
  <pieceOfFurniture catalogId='Pencilart#2DoorUpperCabinet' name='Wood upper cabinet' creator='Pencilart' model='72/2DoorUpperCabinet.obj' x='738.85425' y='255.2875' elevation='137.16' angle='1.7484555E-7' width='91.44' widthInPlan='91.44001' depth='30.48' height='91.44' heightInPlan='91.44001' modelSize='186590'/>
  <pieceOfFurniture catalogId='Scopia#bicycle' name='Bicycle' creator='Scopia' model='74/bicycle.obj' x='735.22614' y='91.13995' angle='4.712389' width='46.0375' depth='149.22499' height='84.455' modelSize='300385'/>
  <pieceOfFurniture catalogId='Scopia#cardboard-box' name='Cardboard box' creator='Scopia' model='31/cardboard-box.obj' x='739.65356' y='209.25002' angle='3.1415927' width='54.927498' depth='34.925' height='29.845' modelSize='90876'/>
  <pieceOfFurniture catalogId='Scopia#cardboard-box' name='Cardboard box' creator='Scopia' model='31/cardboard-box.obj' x='806.0878' y='209.25' angle='3.1415927' width='54.927498' depth='34.925' height='29.845' modelSize='90876'/>
  <pieceOfFurniture catalogId='eTeks#frame' name='Frame' creator='eTeks' model='76/frame.obj' x='425.2791' y='446.0451' elevation='149.86' angle='4.712389' width='45.72' depth='2.2224998' height='34.925' modelSize='3155'>
    <material name='Frame' color='00000000'/>
    <material name='Picture' shininess='0.0859375'>
      <texture name='samdunnsm' width='243.84' height='182.88' image='77'/>
    </material>
  </pieceOfFurniture>
  <pieceOfFurniture catalogId='Blend Swap CC-BY#washing_machine' name='Washing machine' creator='Cattail' model='70/washing_machine.obj' x='380.3521' y='322.33356' angle='4.712389' width='60.96' widthInPlan='60.959995' depth='60.96' height='91.44' heightInPlan='91.44001' modelSize='202681'/>
  <pieceOfFurniture catalogId='Scopia#white_kitchen_chair' name='Chair' creator='Scopia' model='79/white_kitchen_chair.obj' x='606.1864' y='156.27107' angle='2.8797934' width='42.545' depth='46.989998' height='86.042496' modelSize='244041'/>
  <pieceOfFurniture catalogId='Kator Legaz#MIDI-keyboard' name='Keyboard' creator='Kator Legaz' model='81/MIDI-keyboard.obj' x='117.54388' y='963.1218' elevation='60.96' angle='3.403392' width='80.01' depth='25.4' height='8.255' modelSize='203032'/>
  <pieceOfFurniture catalogId='Blend Swap CC-BY#decorativePlant' name='Decorative plant' creator='Nmn9' model='83/decorativePlant.obj' x='867.5617' y='208.28528' angle='3.1415927' width='31.75' depth='32.0675' height='137.16' modelSize='823583'/>
  <pieceOfFurniture catalogId='Pencilart#2DoorUpperCabinet' name='Wood upper cabinet' creator='Pencilart' model='72/2DoorUpperCabinet.obj' x='914.11426' y='255.28754' elevation='137.16' angle='1.7484555E-7' width='76.2' depth='30.48' depthInPlan='30.479998' height='91.44' heightInPlan='91.44001' modelSize='186590'/>
  <pieceOfFurniture catalogId='Pencilart#2DoorUpperCabinet' name='Wood upper cabinet' creator='Pencilart' model='72/2DoorUpperCabinet.obj' x='965.59247' y='310.2847' elevation='137.16' angle='1.5707964' width='91.44' widthInPlan='91.44001' depth='30.48' height='91.44' heightInPlan='91.44001' modelSize='186590'/>
  <pieceOfFurniture catalogId='Pencilart#2DoorUpperCabinet' name='Wood upper cabinet' creator='Pencilart' model='72/2DoorUpperCabinet.obj' x='965.59247' y='397.9147' elevation='167.64' angle='1.5707964' width='83.82' depth='30.48' height='60.96' modelSize='186590'/>
  <pieceOfFurniture catalogId='Pencilart#2DoorUpperCabinet' name='Wood upper cabinet' creator='Pencilart' model='72/2DoorUpperCabinet.obj' x='965.59247' y='478.54523' elevation='137.16' angle='1.5707964' width='76.2' depth='30.48' height='91.44' modelSize='186590'/>
  <light catalogId='Scopia#ceiling-lamp' name='Ceiling lamp' creator='Scopia' model='64/ceiling-lamp.obj' x='596.3027' y='781.5196' elevation='243.84' angle='3.1415927' pitch='0.008124819' width='29.845' depth='29.845' depthInPlan='29.87244' height='5.3975' heightInPlan='5.5185633' modelSize='96982'/>
  <doorOrWindow catalogId='Pencilart#windowFrostedGlass' name='Window frosted glass' creator='Pencilart' model='85/windowFrostedGlass.obj' x='246.96135' y='233.38' elevation='144.78' angle='1.7484555E-7' width='76.2' depth='13.33575' height='30.48' modelSize='11921' movable='false' cutOutShape='M0,0 v1 h1 v-1 z' wallCutOutOnBothSides='true'>
    <material name='darkwood' color='FFEEEEEE'/>
    <material name='frostedglass' color='FFF8F8F8'/>
    <material name='glass' color='FFD6D6D6'/>
  </doorOrWindow>
  <pieceOfFurniture catalogId='Pencilart#stove1' name='Stove' creator='Pencilart' model='87/stove1.obj' x='832.8775' y='270.52753' angle='1.7484555E-7' width='76.2' depth='60.96' height='104.14' modelSize='245209'>
    <material name='mattblack' color='00000000'/>
    <material name='metallic' shininess='0.0'/>
    <material name='offwhite' color='FF1E1E1E'/>
  </pieceOfFurniture>
  <pieceOfFurniture catalogId='Pencilart#1DoorLowerCabinet' name='Wood lower cabinet' creator='Pencilart' model='16/1DoorLowerCabinet.obj' x='775.7275' y='270.5275' width='38.1' widthInPlan='38.099995' depth='60.96' height='86.042496' modelSize='183364'/>
  <pieceOfFurniture catalogId='Blend Swap CC-BY#microwave' name='Microwave' creator='Jay-Artist' model='89/microwave.obj' x='829.6593' y='255.605' elevation='136.525' width='90.17' depth='30.48' height='45.72' modelSize='1004352'/>
  <pieceOfFurniture catalogId='Blend Swap CC-0#towel3' name='Towel rack' creator='Wfg5001' model='91/towel3.obj' x='162.03505' y='244.175' elevation='86.994995' angle='1.7484555E-7' width='59.69' depth='8.255' height='47.9425' modelSize='78625'/>
  <pieceOfFurniture catalogId='Puybaret#mirror' name='Mirror' creator='Emmanuel Puybaret' model='93/mirror.obj' x='334.31497' y='407.71622' elevation='100.0125' angle='1.5707964' width='83.82' depth='0.635' height='76.2' modelSize='7802'/>
  <pieceOfFurniture catalogId='Scopia#electric_water_heater_big' name='Electric water heater' creator='Scopia' model='95/electric_water_heater_big.obj' x='72.98457' y='452.3715' angle='1.0471976' width='45.72' widthInPlan='45.720005' depth='46.0375' depthInPlan='46.037495' height='152.4' heightInPlan='152.40001' modelSize='259875' movable='false'/>
  <pieceOfFurniture catalogId='Scopia#curtain' name='Curtain' creator='Scopia' model='97/curtain.obj' x='528.77826' y='1092.8522' elevation='7.9375' angle='3.1415927' width='106.68' depth='5.08' height='198.12001' modelSize='295322'>
    <material name='fabric' color='FF1E2460' shininess='0.140625'/>
  </pieceOfFurniture>
  <pieceOfFurniture catalogId='Geantick#curtainRod' name='Curtain rod' creator='Geantick' model='99' x='527.5331' y='1091.5825' elevation='198.12001' angle='3.1415927' width='121.92' depth='7.62' height='7.62' modelRotation='1 0 0 0 0 -1 0 1 0' modelSize='48839'/>
  <pieceOfFurniture catalogId='Geantick#curtainRod' name='Curtain rod' creator='Geantick' model='99' x='655.29004' y='1091.5825' elevation='198.12001' angle='3.1415927' width='121.92' depth='7.62' height='7.62' modelRotation='1 0 0 0 0 -1 0 1 0' modelSize='48839'/>
  <pieceOfFurniture catalogId='OlaKristianHoff#shelves_storage_wood' name='Wood shelves' creator='Ola-Kristian Hoff' model='101/shelves_storage_wood.obj' x='679.7831' y='1079.6759' elevation='0.9525' angle='3.1415927' width='78.104996' depth='31.432499' height='76.2' modelSize='29035'>
    <material name='Hylle'>
      <texture name='Trunk' creator='Scopia' catalogId='eTeksScopia#trunk' width='25.0' height='100.0' image='102'/>
    </material>
    <material name='default' color='00000000'/>
  </pieceOfFurniture>
  <pieceOfFurniture catalogId='Kator Legaz#hanging-clothes1' name='Hanging clothes' creator='Kator Legaz' model='104/hanging-clothes1.obj' x='211.44702' y='616.2847' elevation='13.0175' angle='3.1415927' width='32.385' depth='59.055' height='142.5575' modelSize='156591'/>
  <pieceOfFurniture catalogId='Scopia#open-cardboard-box' name='Open cardboard box' creator='Scopia' model='106/open-cardboard-box.obj' x='88.54535' y='718.99286' width='81.597496' depth='62.5475' height='43.815' modelSize='90587'/>
  <pieceOfFurniture catalogId='Scopia#open-cardboard-box' name='Open cardboard box' creator='Scopia' model='106/open-cardboard-box.obj' x='169.28821' y='622.9522' angle='3.1415927' width='45.72' widthInPlan='45.719997' depth='45.72' depthInPlan='45.719997' height='43.815' modelSize='90587'/>
  <pieceOfFurniture catalogId='Geantick#souris' name='Mouse' creator='Geantick' model='108' x='580.97894' y='367.0878' elevation='72.0725' width='6.0325' depth='10.16' height='2.54' modelRotation='0 0 -1 0 1 0 1 0 0' modelSize='33060'/>
  <pieceOfFurniture catalogId='Scopia#inkjet_and_scanner_printer' name='Inkjet printer and scanner' creator='Scopia' model='110/inkjet_and_scanner_printer.obj' x='684.6001' y='371.335' elevation='114.299995' angle='1.5707964' width='44.45' depth='30.48' height='19.05' modelSize='57048'>
    <material name='black-textured' color='FFB4B4B4' shininess='0.0'/>
  </pieceOfFurniture>
  <pieceOfFurniture catalogId='Toomy#grillePain' name='Toaster' creator='Toomy' model='112/grillePain.obj' x='720.59204' y='322.26596' elevation='86.042496' angle='1.5707964' width='30.48' depth='17.779999' height='18.0975' modelSize='32901'/>
  <pieceOfFurniture catalogId='Puybaret#carpet' name='Hall rug' creator='Emmanuel Puybaret' model='43/carpet.obj' x='283.1532' y='519.6981' angle='4.712389' width='55.879997' depth='218.44' height='0.9525' modelSize='46714'>
    <material name='carpet_carpet.jpg'>
      <texture name='Stone' creator='eTeks' catalogId='eTeks#stone3Wall' width='55.3' height='35.0' image='113'/>
    </material>
    <material name='gray' color='FF3D2D29'/>
  </pieceOfFurniture>
  <light catalogId='Scopia#ceiling-lamp' name='Ceiling lamp' creator='Scopia' model='64/ceiling-lamp.obj' x='251.2077' y='517.2517' elevation='243.84' width='29.845' depth='29.845' height='5.3975' modelSize='96982'/>
  <light catalogId='Kator Legaz#fluorescent' name='Fluorescent light' creator='Kator Legaz' model='115/fluorescent.obj' x='833.49695' y='412.16238' elevation='239.39499' angle='1.5707964' width='105.0925' depth='24.4475' height='10.4775' modelSize='23755' movable='false'/>
  <pieceOfFurniture catalogId='Scopia#folded_clothes' name='Folded clothes' creator='Scopia' model='117/folded_clothes.obj' x='173.40854' y='778.0498' width='26.352499' depth='40.3225' height='12.065' modelSize='213987'/>
  <pieceOfFurniture catalogId='Scopia#blouson' name='Jacket' creator='Scopia' model='119/blouson.obj' x='131.59367' y='823.636' angle='5.497787' width='51.434998' depth='73.025' height='3.175' modelSize='57918'/>
  <pieceOfFurniture catalogId='Scopia#pantalon-shadows' name='Trousers' creator='Scopia' model='121/pantalon-shadows.obj' x='133.9206' y='856.80884' elevation='2.54' angle='0.7853982' width='40.9575' depth='98.7425' height='1.905' modelSize='131985'/>
  <pieceOfFurniture catalogId='Ravey#smallbookshelves' name='Small bookshelves' creator='Don Ravey' model='123/smallbookshelves.obj' x='50.874985' y='793.92285' angle='4.712389' width='87.3125' depth='33.655' height='106.045' modelSize='11079'/>
  <pieceOfFurniture catalogId='Toomy#livres' name='Books' creator='Toomy' model='125/livres.obj' x='65.89233' y='783.82654' elevation='25.4' angle='4.712389' width='24.13' depth='16.8275' height='26.9875' modelSize='78626'/>
  <pieceOfFurniture catalogId='Toomy#pileMagazines' name='Magazines pile' creator='Toomy' model='127/pileMagazines.obj' x='59.339844' y='869.02716' width='27.305' depth='33.655' height='1.27' modelSize='98614'/>
  <pieceOfFurniture catalogId='Scopia#cardboard-box' name='Cardboard box' creator='Scopia' model='31/cardboard-box.obj' x='358.57166' y='1019.51' angle='3.1415927' width='54.927498' depth='34.925' height='29.845' modelSize='90876'/>
  <pieceOfFurniture catalogId='Rlocatelli#container' name='Container' creator='Rlocatelli' model='129' x='847.52997' y='561.99255' angle='3.1415927' width='45.72' depth='30.48' height='91.44' modelSize='100100'/>
  <pieceOfFurniture catalogId='Pencilart#lightSwitch' name='Light switch' creator='Pencilart' model='131' x='786.7786' y='576.75635' elevation='121.92' angle='3.1415927' width='7.62' depth='0.9525' height='12.7' modelSize='5530' movable='false'>
    <material name='black' color='FFEAEAEA'/>
    <material name='flwhite' color='FFF8F8F8'/>
  </pieceOfFurniture>
  <pieceOfFurniture catalogId='Pencilart#lightSwitch' name='Light switch' creator='Pencilart' model='131' x='769.53625' y='747.9735' elevation='121.92' angle='1.5707964' width='7.62' depth='0.9525' height='12.7' modelSize='5530' movable='false'>
    <material name='black' color='FFEAEAEA'/>
    <material name='flwhite' color='FFF8F8F8'/>
  </pieceOfFurniture>
  <pieceOfFurniture catalogId='Pencilart#lightSwitch' name='Light switch' creator='Pencilart' model='131' x='424.64377' y='445.19522' elevation='121.92' angle='4.712389' width='7.62' depth='0.9525' height='12.7' modelSize='5530' movable='false'>
    <material name='black' color='FFEAEAEA'/>
    <material name='flwhite' color='FFF8F8F8'/>
  </pieceOfFurniture>
  <pieceOfFurniture catalogId='Pencilart#lightSwitch' name='Light switch' creator='Pencilart' model='131' x='652.97284' y='240.52373' elevation='121.92' angle='1.7484555E-7' width='7.62' depth='0.9525' height='12.7' modelSize='5530' movable='false'>
    <material name='black' color='FFEAEAEA'/>
    <material name='flwhite' color='FFF8F8F8'/>
  </pieceOfFurniture>
  <pieceOfFurniture catalogId='Pencilart#lightSwitch' name='Light switch' creator='Pencilart' model='131' x='660.59283' y='240.52373' elevation='121.92' angle='1.7484555E-7' width='7.62' depth='0.9525' height='12.7' modelSize='5530' movable='false'>
    <material name='black' color='FFEAEAEA'/>
    <material name='flwhite' color='FFF8F8F8'/>
  </pieceOfFurniture>
  <pieceOfFurniture catalogId='Pencilart#lightSwitch' name='Light switch' creator='Pencilart' model='131' x='251.2185' y='469.12375' elevation='121.92' width='7.62' depth='0.9525' height='12.7' modelSize='5530' movable='false'>
    <material name='black' color='FFEAEAEA'/>
    <material name='flwhite' color='FFF8F8F8'/>
  </pieceOfFurniture>
  <pieceOfFurniture catalogId='Pencilart#lightSwitch' name='Light switch' creator='Pencilart' model='131' x='269.08234' y='591.0438' elevation='121.92' width='7.62' depth='0.9525' height='12.7' modelSize='5530' movable='false'>
    <material name='black' color='FFEAEAEA'/>
    <material name='flwhite' color='FFF8F8F8'/>
  </pieceOfFurniture>
  <pieceOfFurniture catalogId='Pencilart#lightSwitch' name='Light switch' creator='Pencilart' model='131' x='252.76709' y='454.8362' elevation='121.92' angle='3.1415927' width='7.62' depth='0.9525' height='12.7' modelSize='5530' movable='false'>
    <material name='black' color='FFEAEAEA'/>
    <material name='flwhite' color='FFF8F8F8'/>
  </pieceOfFurniture>
  <pieceOfFurniture catalogId='Pencilart#lightSwitch' name='Light switch' creator='Pencilart' model='131' x='245.1471' y='454.8362' elevation='121.92' angle='3.1415927' width='7.62' depth='0.9525' height='12.7' modelSize='5530' movable='false'>
    <material name='black' color='FFEAEAEA'/>
    <material name='flwhite' color='FFF8F8F8'/>
  </pieceOfFurniture>
  <pieceOfFurniture catalogId='Pencilart#lightSwitch' name='Light switch' creator='Pencilart' model='131' x='905.7437' y='78.928215' elevation='121.92' angle='4.712389' width='7.62' depth='0.9525' height='12.7' modelSize='5530' movable='false'>
    <material name='black' color='FFEAEAEA'/>
    <material name='flwhite' color='FFF8F8F8'/>
  </pieceOfFurniture>
  <pieceOfFurniture catalogId='Scopia#basic_camera' name='Camera' creator='Scopia' model='133/basic_camera.obj' x='690.3351' y='481.76794' elevation='114.3' width='9.8425' depth='2.2224998' height='6.0325' modelSize='135289'/>
  <wall id='wall0' wallAtEnd='wall1' xStart='987.5' yStart='53.04' xEnd='898.6' yEnd='53.04' height='243.84' thickness='13.335' pattern='crossHatch'>
    <texture attribute='leftSideTexture' name='Concrete' creator='Scopia' catalogId='eTeksScopia#concrete-wall-3' width='100.0' height='100.0' image='140'/>
    <texture attribute='rightSideTexture' name='HOS025b' width='62.229992' height='31.114998' image='141'/>
  </wall>
  <wall id='wall1' wallAtStart='wall0' wallAtEnd='wall16' xStart='898.6' yStart='53.04' xEnd='898.6' yEnd='233.37997' height='243.84' thickness='13.335' pattern='crossHatch'>
    <texture attribute='leftSideTexture' name='Concrete' creator='Scopia' catalogId='eTeksScopia#concrete-wall-3' width='100.0' height='100.0' image='140'/>
    <texture attribute='rightSideTexture' name='HOS025b' width='62.229992' height='31.114998' image='141'/>
  </wall>
  <wall id='wall2' wallAtStart='wall28' xStart='27.380005' yStart='1043.64' xEnd='403.3' yEnd='1043.64' height='243.84' thickness='13.335' pattern='crossHatch'>
    <texture attribute='leftSideTexture' name='Roughcast' creator='Emmanuel Puybaret' width='70.0' height='70.0' image='135'/>
    <texture attribute='rightSideTexture' name='HOS025b' width='62.229992' height='31.114998' image='141'/>
  </wall>
  <wall id='wall3' wallAtStart='wall29' wallAtEnd='wall25' xStart='403.3' yStart='1102.06' xEnd='776.68' yEnd='1102.06' height='243.84' thickness='13.335' pattern='crossHatch'>
    <texture attribute='rightSideTexture' name='HOS025b' width='62.229992' height='31.114998' image='141'/>
  </wall>
  <wall id='wall4' wallAtStart='wall26' wallAtEnd='wall19' xStart='776.68' yStart='583.9001' xEnd='987.5' yEnd='583.9001' height='243.84' thickness='13.335' pattern='crossHatch'>
    <texture attribute='rightSideTexture' name='HOS025b' width='62.229992' height='31.114998' image='141'/>
  </wall>
  <wall id='wall5' xStart='987.5' yStart='233.38' xEnd='898.6' yEnd='233.38002' height='243.84' thickness='13.335' pattern='crossHatch'/>
  <wall id='wall6' wallAtEnd='wall7' xStart='417.5' yStart='233.38' xEnd='417.5' yEnd='461.97998' height='243.84' thickness='13.335' pattern='crossHatch'/>
  <wall id='wall7' wallAtStart='wall6' wallAtEnd='wall8' xStart='417.5' yStart='461.97998' xEnd='341.3' yEnd='461.97998' height='243.84' thickness='13.335' pattern='crossHatch'/>
  <wall id='wall8' wallAtStart='wall7' xStart='341.3' yStart='461.97998' xEnd='341.3' yEnd='233.38' height='243.84' thickness='13.335' pattern='crossHatch'/>
  <wall id='wall9' wallAtEnd='wall10' xStart='27.380005' yStart='403.04' xEnd='118.82001' yEnd='403.04' height='243.84' thickness='13.335' pattern='crossHatch'>
    <texture attribute='leftSideTexture' name='Roughcast' creator='Emmanuel Puybaret' width='70.0' height='70.0' image='135'/>
    <texture attribute='rightSideTexture' name='Roughcast' creator='Emmanuel Puybaret' width='70.0' height='70.0' image='135'/>
  </wall>
  <wall id='wall10' wallAtStart='wall9' wallAtEnd='wall11' xStart='118.82001' yStart='403.04' xEnd='118.82001' yEnd='461.97998' height='243.84' thickness='13.335' pattern='crossHatch'/>
  <wall id='wall11' wallAtStart='wall10' xStart='118.82001' yStart='461.97998' xEnd='337.26' yEnd='461.97998' height='243.84' thickness='13.335' pattern='crossHatch'/>
  <wall id='wall12' wallAtEnd='wall13' xStart='118.82001' yStart='461.97998' xEnd='118.82' yEnd='583.9001' height='243.84' thickness='13.335' pattern='crossHatch'/>
  <wall id='wall13' wallAtStart='wall12' wallAtEnd='wall27' xStart='118.82' yStart='583.9001' xEnd='27.379984' yEnd='583.9001' height='243.84' thickness='13.335' pattern='crossHatch'>
    <texture attribute='leftSideTexture' name='Roughcast' creator='Emmanuel Puybaret' width='70.0' height='70.0' image='135'/>
    <texture attribute='rightSideTexture' name='Roughcast' creator='Emmanuel Puybaret' width='70.0' height='70.0' image='135'/>
  </wall>
  <wall id='wall14' wallAtEnd='wall15' xStart='248.38889' yStart='583.9001' xEnd='248.38889' yEnd='652.4801' height='243.84' thickness='13.335' pattern='crossHatch'/>
  <wall id='wall15' wallAtStart='wall14' xStart='248.38889' yStart='652.4801' xEnd='27.379984' yEnd='652.4801' height='243.84' thickness='13.335' pattern='crossHatch'>
    <texture attribute='leftSideTexture' name='Roughcast' creator='Emmanuel Puybaret' width='70.0' height='70.0' image='135'/>
    <texture attribute='rightSideTexture' name='Roughcast' creator='Emmanuel Puybaret' width='70.0' height='70.0' image='135'/>
  </wall>
  <wall id='wall16' wallAtStart='wall1' wallAtEnd='wall17' xStart='898.6' yStart='233.37997' xEnd='417.5' yEnd='233.37997' height='243.84' thickness='13.335' pattern='crossHatch'>
    <texture attribute='rightSideTexture' name='HOS025b' width='62.229992' height='31.114998' image='141'/>
  </wall>
  <wall id='wall17' wallAtStart='wall16' wallAtEnd='wall18' xStart='417.5' yStart='233.37997' xEnd='341.3' yEnd='233.38' height='243.84' thickness='13.335' pattern='crossHatch'>
    <texture attribute='rightSideTexture' name='HOS025b' width='62.229992' height='31.114998' image='141'/>
  </wall>
  <wall id='wall18' wallAtStart='wall17' wallAtEnd='wall21' xStart='341.3' yStart='233.38' xEnd='27.380005' yEnd='233.38' height='243.84' thickness='13.335' pattern='crossHatch'>
    <texture attribute='leftSideTexture' name='Roughcast' creator='Emmanuel Puybaret' width='70.0' height='70.0' image='135'/>
    <texture attribute='rightSideTexture' name='HOS025b' width='62.229992' height='31.114998' image='141'/>
  </wall>
  <wall id='wall19' wallAtStart='wall4' wallAtEnd='wall20' xStart='987.5' yStart='583.9001' xEnd='987.5' yEnd='233.38' height='243.84' thickness='13.335' pattern='crossHatch'>
    <texture attribute='rightSideTexture' name='HOS025b' width='62.229992' height='31.114998' image='141'/>
  </wall>
  <wall id='wall20' wallAtStart='wall19' xStart='987.5' yStart='233.38' xEnd='987.5' yEnd='53.04' height='243.84' thickness='13.335' pattern='crossHatch'>
    <texture attribute='rightSideTexture' name='HOS025b' width='62.229992' height='31.114998' image='141'/>
  </wall>
  <wall id='wall21' wallAtStart='wall18' xStart='27.380005' yStart='233.38' xEnd='27.380005' yEnd='583.9001' height='243.84' thickness='13.335' pattern='crossHatch'>
    <texture attribute='leftSideTexture' name='Roughcast' creator='Emmanuel Puybaret' width='70.0' height='70.0' image='135'/>
    <texture attribute='rightSideTexture' name='HOS025b' width='62.229992' height='31.114998' image='141'/>
  </wall>
  <wall id='wall22' wallAtEnd='wall23' xStart='118.82001' yStart='583.9001' xEnd='248.38889' yEnd='583.9001' height='243.84' thickness='13.335' pattern='crossHatch'/>
  <wall id='wall23' wallAtStart='wall22' wallAtEnd='wall24' xStart='248.38889' yStart='583.9001' xEnd='403.3' yEnd='583.9001' height='243.84' thickness='13.335' pattern='crossHatch'/>
  <wall id='wall24' wallAtStart='wall23' wallAtEnd='wall29' xStart='403.3' yStart='583.9001' xEnd='403.3' yEnd='842.9801' height='243.84' heightAtEnd='274.32' thickness='13.335' pattern='crossHatch'/>
  <wall id='wall25' wallAtStart='wall3' wallAtEnd='wall26' xStart='776.68' yStart='1102.06' xEnd='776.68' yEnd='842.9801' height='243.84' heightAtEnd='274.32' thickness='13.335' pattern='crossHatch'>
    <texture attribute='rightSideTexture' name='HOS025b' width='62.229992' height='31.114998' image='141'/>
  </wall>
  <wall id='wall26' wallAtStart='wall25' wallAtEnd='wall4' xStart='776.68' yStart='842.9801' xEnd='776.68' yEnd='583.9001' height='274.32' heightAtEnd='243.84' thickness='13.335' pattern='crossHatch'>
    <texture attribute='rightSideTexture' name='HOS025b' width='62.229992' height='31.114998' image='141'/>
  </wall>
  <wall id='wall27' wallAtStart='wall13' wallAtEnd='wall28' xStart='27.379984' yStart='583.9001' xEnd='27.379984' yEnd='842.9801' height='243.84' heightAtEnd='274.32' thickness='13.335' pattern='crossHatch'>
    <texture attribute='leftSideTexture' name='Roughcast' creator='Emmanuel Puybaret' width='70.0' height='70.0' image='135'/>
    <texture attribute='rightSideTexture' name='HOS025b' width='62.229992' height='31.114998' image='141'/>
  </wall>
  <wall id='wall28' wallAtStart='wall27' wallAtEnd='wall2' xStart='27.379984' yStart='842.9801' xEnd='27.380005' yEnd='1043.64' height='274.32' heightAtEnd='243.84' thickness='13.335' pattern='crossHatch'>
    <texture attribute='leftSideTexture' name='Roughcast' creator='Emmanuel Puybaret' width='70.0' height='70.0' image='135'/>
    <texture attribute='rightSideTexture' name='HOS025b' width='62.229992' height='31.114998' image='141'/>
  </wall>
  <wall id='wall29' wallAtStart='wall24' wallAtEnd='wall3' xStart='403.3' yStart='842.9801' xEnd='403.3' yEnd='1102.06' height='274.32' heightAtEnd='243.84' thickness='13.335' pattern='crossHatch'/>
  <room name='Livingarea' areaVisible='true'>
    <texture attribute='floorTexture' name='Wooden floor' creator='Scopia' catalogId='eTeksScopia#english-parquet-1' width='120.0' height='120.0' image='134'/>
    <point x='676.03253' y='240.0475'/>
    <point x='676.03253' y='240.0475'/>
    <point x='676.03253' y='577.2326'/>
    <point x='770.0125' y='577.2326'/>
    <point x='770.0125' y='1095.3926'/>
    <point x='409.9675' y='1095.3926'/>
    <point x='409.9675' y='1036.9725'/>
    <point x='409.96747' y='1036.9725'/>
    <point x='409.9675' y='577.2326'/>
    <point x='125.4875' y='577.2326'/>
    <point x='125.48751' y='468.6475'/>
    <point x='424.1675' y='468.6475'/>
    <point x='424.1675' y='240.0475'/>
  </room>
  <room name='Bedroom' areaVisible='true'>
    <texture attribute='floorTexture' name='Gray medium thick carpeting' creator='Scopia' catalogId='eTeksScopia#gray-medium-thick-floor-carpeting' width='50.0' height='50.0' image='136'/>
    <texture attribute='ceilingTexture' name='Roughcast' creator='Emmanuel Puybaret' width='70.0' height='70.0' image='135'/>
    <point x='396.63248' y='590.56757'/>
    <point x='396.63245' y='1036.9725'/>
    <point x='34.047504' y='1036.9725'/>
    <point x='34.047504' y='659.1476'/>
    <point x='255.05638' y='659.1476'/>
    <point x='255.05638' y='590.56757'/>
  </room>
  <room name='Bedroom Closet' areaVisible='true'>
    <texture attribute='floorTexture' name='Gray medium thick carpeting' creator='Scopia' catalogId='eTeksScopia#gray-medium-thick-floor-carpeting' width='50.0' height='50.0' image='136'/>
    <texture attribute='ceilingTexture' name='Roughcast' creator='Emmanuel Puybaret' width='70.0' height='70.0' image='135'/>
    <point x='241.72139' y='590.56757'/>
    <point x='241.72139' y='645.8126'/>
    <point x='34.047504' y='645.8126'/>
    <point x='34.047504' y='590.56757'/>
  </room>
  <room name='Waterheater' areaVisible='true'>
    <texture attribute='floorTexture' name='Wooden floor' creator='Scopia' catalogId='eTeksScopia#english-parquet-1' width='120.0' height='120.0' image='134'/>
    <texture attribute='ceilingTexture' name='Roughcast' creator='Emmanuel Puybaret' width='70.0' height='70.0' image='135'/>
    <point x='112.152504' y='409.70752'/>
    <point x='112.152504' y='461.97998'/>
    <point x='112.1525' y='577.2326'/>
    <point x='34.047504' y='577.2326'/>
    <point x='34.047504' y='409.70752'/>
  </room>
  <room name='Bathroom' areaVisible='true'>
    <texture attribute='floorTexture' name='Seamless cream marble cloud texture' width='15.24' height='15.24' image='137'/>
    <texture attribute='ceilingTexture' name='Roughcast' creator='Emmanuel Puybaret' width='70.0' height='70.0' image='135'/>
    <point x='334.63248' y='240.0475'/>
    <point x='334.63248' y='455.31247'/>
    <point x='125.48751' y='455.31247'/>
    <point x='125.48751' y='396.3725'/>
    <point x='34.047504' y='396.3725'/>
    <point x='34.047504' y='240.0475'/>
  </room>
  <room name='Utility' areaVisible='true'>
    <texture attribute='floorTexture' name='Wooden floor' creator='Scopia' catalogId='eTeksScopia#english-parquet-1' width='120.0' height='120.0' image='134'/>
    <point x='410.8325' y='240.0475'/>
    <point x='410.8325' y='455.31247'/>
    <point x='347.9675' y='455.31247'/>
    <point x='347.9675' y='240.0475'/>
  </room>
  <room name='Storage Closet' areaVisible='true'>
    <texture attribute='floorTexture' name='Concrete' creator='Scopia' catalogId='eTeksScopia#concrete-wall-1' width='100.0' height='100.0' image='138'/>
    <texture attribute='ceilingTexture' name='Concrete' creator='Scopia' catalogId='eTeksScopia#concrete-wall-1' width='100.0' height='100.0' image='138'/>
    <point x='980.8325' y='59.7075'/>
    <point x='980.8325' y='226.71251'/>
    <point x='905.26746' y='226.71252'/>
    <point x='905.26746' y='59.7075'/>
  </room>
  <room name='Kitchen' areaVisible='true'>
    <texture attribute='floorTexture' name='Seamless cream marble cloud texture' width='15.24' height='15.24' image='137'/>
    <point x='980.8325' y='240.0475'/>
    <point x='676.03253' y='240.0475'/>
    <point x='676.03253' y='577.2326'/>
    <point x='980.8325' y='577.2326'/>
  </room>
  <room name='patio' areaVisible='true' ceilingVisible='false'>
    <texture attribute='floorTexture' name='Wood paneling' creator='Scopia' catalogId='eTeksScopia#wood-paneling' width='100.0' height='100.0' image='139'/>
    <texture attribute='ceilingTexture' name='Poplar' creator='Emmanuel Puybaret' catalogId='Puybaret#poplar' width='40.0' height='80.0' image='56'/>
    <point x='891.9325' y='59.7075'/>
    <point x='410.8325' y='59.70746'/>
    <point x='410.8325' y='226.71251'/>
    <point x='891.9325' y='226.71251'/>
  </room>
</home>